Threads,Processes,Data,Time,Speedup,Efficiency,Throughput,Iterations,Seed,Run ID
3,1,500,1.86251330,1.0000,100.00,268.45,100,247006111139,20261008-161108-077015
3,2,500,1.98408628,0.9387,46.94,252.01,100,247006111139,20261008-161108-077015
3,1,1000,3.96166778,1.0000,100.00,252.42,100,247006111139,20261008-161108-077015
3,2,1000,2.86445093,1.3830,69.15,349.11,100,247006111139,20261008-161108-077015
3,1,1390,6.18171072,1.0000,100.00,224.86,100,247006111139,20261008-161108-077015
3,2,1390,3.68555307,1.6773,83.86,377.15,100,247006111139,20261008-161108-077015
3,1,500,1.73642397,1.0000,100.00,287.95,100,247006111139,20261008-161108-077015
3,3,500,1.95183086,0.8896,29.65,256.17,100,247006111139,20261008-161108-077015
3,1,1000,3.53654552,1.0000,100.00,282.76,100,247006111139,20261008-161108-077015
3,3,1000,2.39892054,1.4742,49.14,416.85,100,247006111139,20261008-161108-077015
3,1,1390,4.75043511,1.0000,100.00,292.60,100,247006111139,20261008-161108-077015
3,3,1390,3.05521154,1.5549,51.83,454.96,100,247006111139,20261008-161108-077015
5,1,500,1.71889091,1.0000,100.00,290.89,100,247006111139,20261008-161108-077015
5,2,500,1.65138197,1.0409,52.04,302.78,100,247006111139,20261008-161108-077015
5,1,1000,3.39879441,1.0000,100.00,294.22,100,247006111139,20261008-161108-077015
5,2,1000,2.66194510,1.2768,63.84,375.67,100,247006111139,20261008-161108-077015
5,1,1390,5.03772473,1.0000,100.00,275.92,100,247006111139,20261008-161108-077015
5,2,1390,3.15934396,1.5945,79.73,439.96,100,247006111139,20261008-161108-077015
5,1,500,1.73636818,1.0000,100.00,287.96,100,247006111139,20261008-161108-077015
5,3,500,1.77019620,0.9809,32.70,282.45,100,247006111139,20261008-161108-077015
5,1,1000,3.69727707,1.0000,100.00,270.47,100,247006111139,20261008-161108-077015
5,3,1000,3.00307894,1.2312,41.04,332.99,100,247006111139,20261008-161108-077015
5,1,1390,4.94281125,1.0000,100.00,281.22,100,247006111139,20261008-161108-077015
5,3,1390,3.22655773,1.5319,51.06,430.80,100,247006111139,20261008-161108-077015
7,1,500,2.02612758,1.0000,100.00,246.78,100,247006111139,20261008-161108-077015
7,2,500,2.85354137,0.7100,35.50,175.22,100,247006111139,20261008-161108-077015
7,1,1000,3.79770708,1.0000,100.00,263.32,100,247006111139,20261008-161108-077015
7,2,1000,2.91777706,1.3016,65.08,342.73,100,247006111139,20261008-161108-077015
7,1,1390,6.27348900,1.0000,100.00,221.57,100,247006111139,20261008-161108-077015
7,2,1390,3.46629095,1.8099,90.49,401.00,100,247006111139,20261008-161108-077015
7,1,500,1.77370882,1.0000,100.00,281.90,100,247006111139,20261008-161108-077015
7,3,500,1.82382560,0.9725,32.42,274.15,100,247006111139,20261008-161108-077015
7,1,1000,3.60268068,1.0000,100.00,277.57,100,247006111139,20261008-161108-077015
7,3,1000,2.81638622,1.2792,42.64,355.06,100,247006111139,20261008-161108-077015
7,1,1390,5.41434026,1.0000,100.00,256.73,100,247006111139,20261008-161108-077015
7,3,1390,3.45907164,1.5653,52.18,401.84,100,247006111139,20261008-161108-077015
